{
    "step": 13,
    "eval_loss": 0.5360233783721924,
    "eval_accuracy": 0.8,
    "eval_runtime": 0.0824,
    "eval_samples_per_second": 363.887,
    "eval_steps_per_second": 24.259,
    "epoch": 13.0,
    "train_runtime": 35.3107,
    "train_samples_per_second": 43.811,
    "train_steps_per_second": 5.522,
    "train_loss": 0.6539587167593149
}