{
    "step": 13,
    "eval_loss": 0.5205680131912231,
    "eval_accuracy": 0.8,
    "eval_runtime": 0.0783,
    "eval_samples_per_second": 383.092,
    "eval_steps_per_second": 25.539,
    "epoch": 13.0,
    "train_runtime": 30.1985,
    "train_samples_per_second": 51.228,
    "train_steps_per_second": 6.457,
    "train_loss": 0.5841498350485778
}